{
  "ran_on": "google-colab",
  "device": "cuda",
  "test_size": 86,
  "fine_tuned": {
    "model": "distilbert-base-uncased (fine-tuned on Colab)",
    "accuracy": 0.6162790697674418,
    "macro_f1": 0.6158249158249158,
    "per_class": {
      "analysis": {
        "precision": 0.6818181818181818,
        "recall": 0.6521739130434783,
        "f1": 0.6666666666666666,
        "support": 23
      },
      "hot_take": {
        "precision": 0.5517241379310345,
        "recall": 0.6153846153846154,
        "f1": 0.5818181818181818,
        "support": 26
      },
      "reaction": {
        "precision": 0.5714285714285714,
        "recall": 0.6153846153846154,
        "f1": 0.5925925925925926,
        "support": 13
      },
      "banter": {
        "precision": 0.6666666666666666,
        "recall": 0.5833333333333334,
        "f1": 0.6222222222222222,
        "support": 24
      }
    }
  },
  "baseline": {
    "model": "llama-3.3-70b-versatile",
    "accuracy": 0.6744186046511628,
    "macro_f1": 0.6639705882352941,
    "weighted_f1": 0.6979670162638699,
    "per_class": {
      "analysis": {
        "precision": 1.0,
        "recall": 0.7391304347826086,
        "f1": 0.85,
        "support": 23.0
      },
      "hot_take": {
        "precision": 0.72,
        "recall": 0.6923076923076923,
        "f1": 0.7058823529411765,
        "support": 26.0
      },
      "reaction": {
        "precision": 0.30434782608695654,
        "recall": 0.5384615384615384,
        "f1": 0.3888888888888889,
        "support": 13.0
      },
      "banter": {
        "precision": 0.7619047619047619,
        "recall": 0.6666666666666666,
        "f1": 0.7111111111111111,
        "support": 24.0
      }
    },
    "unparseable": 2,
    "n_test": 86
  },
  "confusion_matrix": {
    "labels": [
      "analysis",
      "hot_take",
      "reaction",
      "banter"
    ],
    "matrix": [
      [
        15,
        7,
        0,
        1
      ],
      [
        4,
        16,
        2,
        4
      ],
      [
        1,
        2,
        8,
        2
      ],
      [
        2,
        4,
        4,
        14
      ]
    ]
  }
}