{
  "best_val": {
    "eval_loss": 1.7819266319274902,
    "eval_accuracy": 0.611764705882353,
    "eval_macro_f1": 0.5766522451305061,
    "eval_weighted_f1": 0.5925439506002166
  },
  "config": {
    "lr": 4e-05,
    "epochs": 16,
    "batch": 16
  }
}